,amp1mean,amp1std,amp1skew,amp1kurt,amp1dmean,amp1dstd,amp1dskew,amp1dkurt,amp10mean,amp10std,amp10skew,amp10kurt,amp10dmean,amp10dstd,amp10dskew,amp10dkurt,amp100mean,amp100std,amp100skew,amp100kurt,amp100dmean,amp100dstd,amp100dskew,amp100dkurt,amp1000mean,amp1000std,amp1000skew,amp1000kurt,amp1000dmean,amp1000dstd,amp1000dskew,amp1000dkurt,power1,power2,power3,power4,power5,power6,power7,power8,power9,power10
Adele\01 Hometown Glory.mp3,-2.11719666667,5293.6691964,0.473588649501,4.97806741959,0.00240833734723,3030.02920101,0.845603989405,14.0372339978,-2.11719666667,3393.9942428,0.132666069367,3.80074328139,-0.0124418740312,5186.78356,-0.000934969381174,4.47754515204,-2.11719666667,331.459478976,-0.0704573418404,3.91762816877,-0.000373395565929,526.118886051,-0.0879067330876,4.15366179207,-2.11719666667,44.7770657655,-0.0539748612753,3.52438832113,-0.0530934891486,75.1519875609,0.188655543226,3.73397171648,0.253978184466,0.22720753081,0.167309527848,0.116001039638,0.0623113265225,0.0536391694638,0.0327705340425,0.0289693670386,0.0390702636851,0.0187430564844
Adele\02 I'll Be Waiting.mp3,-4.41789666667,6435.33998446,0.137386090464,3.42029409759,0.00631501052502,4018.23975593,0.369870420951,7.10433674815,-4.41789666667,4739.05087692,-0.0195927875726,3.17660726773,0.109266821114,5589.43228595,-0.0342912193694,3.23320561432,-4.41789666667,1051.37304566,-0.0442932339434,2.93671453685,0.152725454242,1899.43538676,0.0880292062557,2.96523117768,-4.41789666667,103.090380261,0.0253636612419,2.68596811645,0.259906510851,181.541731498,0.0365675249952,2.82219516867,0.289609832515,0.179244201648,0.106563843536,0.107570438165,0.0841940157507,0.0735198210682,0.0492613056056,0.0477914330634,0.039095116253,0.023149992396
Adele\03 Don't You Remember.mp3,-5.91957666667,6400.25604699,0.21082755055,3.80059295975,0.00686834478057,4127.73807803,0.412035979296,7.17429181156,-5.91957666667,4549.55330791,-0.00819084177404,3.85629322249,0.150604176736,5086.1239927,0.0537024561159,3.60938772437,-5.91957666667,1233.60590702,0.0770387363292,2.99346797825,0.104485747625,2230.98565049,0.0476998817297,3.10698409319,-5.91957666667,110.973039263,-0.203638992764,3.76299649323,-0.183826377295,186.614006201,0.101087248712,3.58123653475,0.258719424303,0.191732690446,0.111334826715,0.110237779535,0.0719220598431,0.0709852403447,0.0465463483979,0.0669841081704,0.0535477005345,0.0179898217114
Adele\04 Turning Tables.mp3,-1.51248333333,5401.49855499,0.275350686348,3.68437031028,-0.000175000291667,3648.98798117,0.530430663978,10.1802298423,-1.51248333333,3411.05244939,0.0567320906478,3.09618930255,0.0662927715462,5498.20996067,-0.0107188721067,3.20733357064,-1.51248333333,302.881552536,-0.00133579793862,3.63445621768,0.126687781297,503.968472,0.034465521627,4.0146410548,-1.51248333333,39.8033831836,0.16841581756,3.27656514901,0.0796210350584,67.5383158652,-0.101610826756,3.3159027718,0.22490832224,0.202309319383,0.128580677959,0.114943991337,0.0731831933603,0.0743908562297,0.0459791760204,0.0474942493212,0.0557797663662,0.0324304477823
Adele\05 Set Fire To The Rain.mp3,-3.25258333333,6159.37167344,0.191135850251,3.52268095358,0.0070566784278,3759.32098873,0.498193157055,6.74086522634,-3.25258333333,4413.86586627,-0.00141526039163,3.26521468414,0.122882048034,4626.55388254,0.0292833307213,3.33707086233,-3.25258333333,1147.30840155,-0.0194509501454,2.53714393021,0.58291381897,2026.29445775,0.134337620205,2.58716416997,-3.25258333333,106.872135871,-0.0657287964904,2.50581760785,0.495597662771,185.53240952,0.163313412712,2.73305744102,0.268530186008,0.199044790903,0.109400491279,0.118795431525,0.0753527137378,0.0695132523152,0.0439364815978,0.0490855957472,0.0441499781561,0.0221910787311
Adele\06 If It Hadn't Been For Love.mp3,-0.0163283333333,5876.07938089,0.19789281753,3.78301265663,0.0185050308417,4058.84570725,0.466138367537,8.17756852509,-0.0163283333333,3887.28637556,0.222547002728,3.68346085939,-0.0422207036784,4587.88850476,0.00764599653389,3.82975763809,-0.0163283333333,1014.15227222,-0.211870575946,3.78113084258,-0.109126521087,1809.89403606,-0.136639128212,3.92813904758,-0.0163283333333,91.2587448094,-0.130784020992,3.18074389361,0.133293823038,157.074309944,-0.0431504845755,3.5375421141,0.252992865047,0.188610447417,0.152341830116,0.105495741969,0.0729019284333,0.0693562162147,0.0439766568405,0.0440311009472,0.0445830642144,0.025710148801
Adele\08 Take It All.mp3,-1.46174666667,5056.82351553,0.485544336025,4.64915491246,-0.00852834754725,3755.67459446,0.463239699996,14.1674865762,-1.46174666667,3088.30340261,0.131174827352,3.45339894461,-0.0610326838781,4848.22073454,-0.0324484960543,3.51416241196,-1.46174666667,325.059552502,-0.0166055125343,3.64973593839,-0.0126687781297,558.503617082,-0.0134907749931,3.74068837223,-1.46174666667,33.8133117593,-0.100229109015,3.36326593202,-0.10781803005,58.1180599046,0.12483347678,3.30151937196,0.222506803027,0.204609266015,0.0952177815386,0.10539208695,0.114318373738,0.0879105799585,0.053208378069,0.0496555040008,0.0449966189243,0.0221846077786
Adele\09 Rumour Has It.mp3,-1.48481333333,6143.3699689,0.0919889241528,3.57065515364,0.00521334202224,3090.6848325,0.348230448164,8.23211599564,-1.48481333333,4942.92742611,-0.0122850703857,3.47725209199,0.0688478141302,5546.50875064,-0.000374692411705,3.40495662102,-1.48481333333,1069.7129409,-0.0532854220492,3.94195314172,0.175087514586,1867.1983196,0.0467482606912,4.18572542217,-1.48481333333,110.237851065,0.0843504551776,3.65820456733,-0.0693823038397,193.788736061,0.121605006013,3.80875049831,0.348115318094,0.161218769275,0.121007000644,0.0920320175268,0.0655517180115,0.058687196177,0.0383351993579,0.0439725509121,0.040161853755,0.0309183762471
Adele\11 One And Only.mp3,-5.50954,6422.35885773,0.132365222763,3.58896670796,0.0026433377389,3805.60332435,0.54902862639,9.56606430499,-5.50954,4957.93704167,-0.00518756016674,3.58396481735,-0.0383339722329,4853.58545981,0.0929394961257,3.52898933942,-5.50954,1525.25541919,-0.048629112976,2.96382265016,0.231053508918,2808.27445132,0.159298654815,3.02244594775,-5.50954,157.280759501,-0.118464650685,3.37800895197,0.130719532554,289.38917588,0.120408708266,3.51227748858,0.280483190852,0.149153574355,0.134207210293,0.125108162698,0.0780438461366,0.06951197196,0.0483744533325,0.0426380432022,0.0402529640694,0.0322265831
Adele\12 Lovesong.mp3,-0.972928333333,5521.53508696,0.262551588579,3.80743064664,-0.00358167263612,2326.54030053,0.737715063799,14.5930184461,-0.972928333333,4576.32542768,0.124936910645,3.77768584754,0.112170202837,5105.82602189,0.0199477095626,3.52770545803,-0.972928333333,1348.54180267,-0.0877078086487,3.42890752857,-0.333887314552,2526.93289028,-0.0736235041355,3.45920923891,-0.972928333333,113.115994298,-0.0494279179921,4.25626813879,-0.126756260434,192.072558613,-0.0794021495784,5.14565117057,0.383863873906,0.192071487695,0.100356544127,0.0784251872667,0.0512326027319,0.05626674417,0.0338356955815,0.0284054041866,0.0513812028339,0.0241612575018
Adele\13 Chasing Pavements.mp3,-17.722985,7464.45167745,0.0593132950093,3.35145365372,-0.000925001541669,4225.88537268,0.298253150087,7.79193052046,-17.722985,5885.98127884,-0.0227725709301,3.59075561134,-0.0734012233537,6422.08447745,0.0398569177383,3.40818894204,-17.722985,1377.75456337,-0.0733285531997,3.08951342312,-0.0649091515253,2532.92221112,0.07212702966,2.97102802364,-17.722985,138.381662973,0.0452128551806,3.58626902776,0.0908180300501,229.802803363,0.111938850271,3.67100545098,0.328347260768,0.171173555791,0.0853817999071,0.105108451171,0.0766749208648,0.0737565015411,0.0449001469203,0.0453717634629,0.0416291448753,0.0276564546978
Adele\14 I Can't Make You Love Me.mp3,-0.600935,4400.22384074,0.409039602504,5.03377011568,-0.00227833713056,2573.75447669,0.906614641351,22.019576339,-0.600935,2973.92881786,0.104720093165,3.5474093659,0.0334472241204,4387.76394204,0.0275815231978,3.99102013091,-0.600935,350.219078225,-0.0355589347188,3.59595256873,0.020265044174,588.607994739,-0.0224121882722,3.79996807238,-0.600935,39.5098937088,0.00629239090022,3.82784409704,0.147352253756,69.2248021891,0.0530710921558,4.03564414707,0.268626938359,0.2156423318,0.140424578521,0.103217102315,0.0696272318699,0.0599963834743,0.0403800512993,0.0418096720117,0.0431916924344,0.0170840179155
Adele\15 Make You Feel My Love.mp3,-0.670678333333,4469.65834005,0.357995900235,4.62458868131,0.0127166878611,2524.2184768,0.921399802314,19.0873304645,-0.670678333333,3113.49298853,0.0923925335732,3.1867808067,0.0263037717295,4429.59340096,0.017517688398,3.66015922438,-0.670678333333,377.718572255,-0.00157539206448,3.1562076748,0.0696699449908,639.131642743,-0.0269262280323,3.4046140904,-0.670678333333,45.4499409224,0.0569612114516,3.11255109784,0.142697829716,81.0665992738,0.0758052346183,2.96431292765,0.273200359825,0.223715598695,0.14133909115,0.10867919168,0.0605531309413,0.0554513915131,0.0377734673994,0.0377935472442,0.0403307334997,0.0211634880527
Adele\16 Someone Like You.mp3,-0.628961666667,5136.42646977,0.305291462826,4.44185369377,-0.00638501064168,3513.59553922,0.809153604034,11.9282502484,-0.628961666667,3107.41220771,0.0543330814237,3.42516478732,-0.144254070901,4882.78375676,-0.0441980496026,3.6827639836,-0.628961666667,324.152983763,0.0163698352031,3.48057439386,-0.145949324887,536.06314976,-0.0259818344833,3.57231803301,-0.628961666667,33.3358698145,-0.241861836082,3.13904420493,-0.0820951585977,56.5726182586,-0.0475374500879,2.94104401005,0.220156098058,0.203508274201,0.125976950429,0.1284900423,0.0748046286708,0.0776700416758,0.0504605354512,0.0424262894912,0.0489266924352,0.0275804472888
Adele\17 Rolling In The Deep.mp3,-2.32974333333,6329.64285706,0.0960946349537,3.47966436825,0.00956834928058,3380.16384695,0.394607227879,6.93173412093,-2.32974333333,4889.12418739,-0.0112303724265,3.70849233287,0.0890764846081,5701.67301021,0.0299287840574,3.37031770722,-2.32974333333,837.855504675,-0.072522524402,4.11270492221,-0.000830138356395,1484.53805702,0.01655674267,4.15709044421,-2.32974333333,89.4257300068,0.0267382313125,3.10391601656,-0.0724474123539,151.039730306,-0.0909311223945,3.17490066347,0.334384937726,0.182019280124,0.115365924811,0.0954960201472,0.0644399329661,0.0594383000064,0.0439631375668,0.041427740571,0.0405516701085,0.0229130559729
BeastieBoys\01 So What'cha Want.mp3,-10.384065,11004.0703394,0.0105788519448,3.72462146683,0.0665267775446,4512.05170923,-0.0153572872843,4.97388793069,-10.384065,9707.24715419,0.00839137875743,4.36383553075,0.670156169269,8131.55681993,-0.00635872343808,4.65834651824,-10.384065,3615.99549465,0.234305867703,8.63418553885,1.44970661777,6953.81227129,-0.0110296805116,8.73073394548,-10.384065,325.911250198,1.79115897849,13.1634862252,2.26059265442,521.805176894,-0.329831425602,9.03385979406,0.324333804749,0.152421163841,0.137887711998,0.0952073577429,0.0840122016082,0.0598034270504,0.0470832930554,0.0364155617116,0.0346173884359,0.0282180898075
BeastieBoys\03 Ch-Check It Out.mp3,-5.17302333333,8607.73699073,0.0283584282678,4.64211268118,0.00673834456391,4133.85024704,-0.182430987643,6.78188812778,-5.17302333333,7734.15981422,0.0308692896106,5.0738917776,0.108048467474,4759.15977169,-0.105742833358,5.66704574264,-5.17302333333,4529.71353563,-0.0805513669194,4.96479655031,0.0656992832139,8693.4028216,0.0308580443015,4.99030004411,-5.17302333333,457.9464803,-0.215308983568,4.55926088366,1.16118864775,763.490309628,0.191794292153,3.87092290237,0.290921527089,0.149037498552,0.108058019072,0.0912123826495,0.071394380628,0.078771275877,0.063932307324,0.0589416079212,0.045594695377,0.0421363055108
BeastieBoys\04 No Sleep Till Brooklyn.mp3,3.59248166667,7070.97465078,-0.0896229261821,8.14938095694,-0.0151700252834,3258.11630087,-0.0158390136948,5.94742248148,3.59248166667,6572.94956728,-0.105085604973,9.79973819329,-0.071742862381,3731.18624353,-3.63333928246e-06,6.51542497461,3.59248166667,2590.36579683,0.123663543155,13.2477484815,0.15045674279,4677.12531919,-0.0122400447934,13.3908136381,3.59248166667,208.48762652,0.306694235887,7.82016616956,0.0308914858097,368.600882544,0.101974326776,7.14683146654,0.294449593829,0.105821075122,0.0702217001014,0.0894547834536,0.0749502647005,0.0817045452631,0.0808070196852,0.0825355954652,0.0691931866231,0.050862235757
BeastieBoys\05 Hey Ladies.mp3,-231.872906667,7062.25125369,-0.017291529419,7.08481447069,0.00613834356391,3759.15421479,0.0221213238673,8.98084758461,-231.872906667,5966.1288394,-0.000337351055563,10.0000076107,0.0313455224254,4291.35965929,0.0299909964014,10.659218103,-231.872906667,2542.19519602,0.0258932553293,11.7406202332,-0.0810585097516,4757.56888971,-0.092031882476,12.4396593046,-231.872906667,211.715575632,0.000506614959331,8.21725159498,-0.148432387312,362.974941035,-0.290017769687,7.3661742928,0.311385935625,0.144169111045,0.116689073621,0.108734176614,0.0713785886758,0.0727385275499,0.0604282004148,0.0494567370681,0.0347258656619,0.0302937837254
BeastieBoys\06 Pass the Mic.mp3,-16.51767,10203.4858814,0.0174360205261,3.28810763027,0.0342850571418,3376.06792275,-0.29290439478,7.23160582921,-16.51767,9300.87276613,0.0120278352195,3.35691404569,0.392198203303,6550.79448372,0.095872118745,4.45226578006,-16.51767,4319.44175813,0.0188838795296,4.04795827677,-0.190398399733,8462.78614077,0.0102077649933,4.12364683933,-16.51767,297.563338794,-0.109902757829,4.82303211775,-0.677659432387,509.346770716,0.125805636193,4.87728005041,0.38270513874,0.178221859876,0.0968428064275,0.0896342076501,0.0644074081288,0.0534678444379,0.042686251086,0.0357498235818,0.0300978315591,0.0261868285133
BeastieBoys\07 An Open Letter to NYC.mp3,-6.03435833333,8437.16222095,0.0484050170741,4.46905268804,-0.0052983421639,3037.76381162,0.106650478651,7.63493546032,-6.03435833333,7766.51221613,0.0609211394786,5.01085023863,-0.0337022283705,4814.24804651,0.00982808628,5.5020605755,-6.03435833333,3348.86082011,0.18593770587,5.91181968601,0.125519253209,6147.84346057,0.00887433260024,6.02268274565,-6.03435833333,263.218421043,-0.0527982606005,5.36355356872,-0.819085141903,430.384682568,0.0622693496133,6.31124034843,0.361335140743,0.189486175726,0.0841920699569,0.0673878062243,0.0597597715256,0.0637468706975,0.0473456332878,0.0483311016609,0.0388275770275,0.0395878531511
BeastieBoys\08 Root Down.mp3,-55.6323016667,8702.11750307,-0.0576534440755,4.26438928658,-0.0249567082612,3532.58971626,0.130442671496,10.8022301562,-55.6323016667,7380.21988598,-0.0891436124479,4.68723881026,-0.303485058084,7484.56857321,0.041177113313,5.01650630795,-55.6323016667,1670.03149528,-0.187429406727,4.74343909325,-0.644164027338,2979.92825232,0.0791829590512,4.33371320924,-55.6323016667,174.326255693,-0.0207082550927,4.28462506681,-0.590340567613,305.654398452,0.11139515478,4.63031853652,0.400003800351,0.185049713786,0.0882885879119,0.0774087603901,0.061105421869,0.0551560255644,0.0385833532717,0.0369586230287,0.0315550582764,0.0258906555509
BeastieBoys\09 Shake Your Rump.mp3,-233.229603333,8995.9658135,-0.246398775622,5.29753740324,-0.00221000368334,3278.69716727,0.0805423739457,9.54149506001,-233.229603333,8312.67714064,-0.312871288157,6.06968180464,-0.00961349355822,5599.17680235,0.0136684212879,7.17408152726,-233.229603333,3591.14450106,-0.377420219761,5.78634424584,-0.0144457409568,6627.80415668,0.115108464543,5.57251655688,-233.229603333,230.648837068,-0.137272419031,5.99626408738,0.162754590985,384.831975756,0.0569738618522,7.23555840253,0.404238058967,0.134960506619,0.0926074688769,0.0794081856603,0.0603941533009,0.0603074054817,0.0492709692185,0.042635804562,0.0416833316529,0.0344941156607
BeastieBoys\10 Intergalactic.mp3,-19.4512383333,9654.87819621,0.0553821581098,3.74987215504,0.0129183548639,4527.05812039,-0.0511644022867,6.78630599523,-19.4512383333,8763.43238629,0.0667502826052,4.29295038566,0.0981299688328,5460.17221169,-0.102333997755,7.79051801454,-19.4512383333,5201.82257521,0.0556789469419,4.59024536841,0.00266211035171,10065.2529528,-0.0251064308814,4.63558776897,-19.4512383333,405.878616357,0.423495393439,4.28817355546,1.08027712855,661.435428735,-0.0298425520775,4.40117976502,0.328386986678,0.116558116645,0.0900468490689,0.0851546102699,0.0959664756909,0.0817955441467,0.0592157586148,0.0554372710569,0.0450673474402,0.0423710403887
BeastieBoys\11 Sure Shot.mp3,-108.559746667,10874.8658822,0.0318132226837,3.9100782153,0.0183266972112,4267.31745384,0.0210557817203,7.12860791759,-108.559746667,9573.21671094,0.0402987063055,4.50763297158,0.223123718729,7367.6092779,-0.0853554900608,5.56910874957,-108.559746667,3835.0924488,-0.104425925872,8.56463733758,-0.979796632772,7185.33184256,-0.0810426996733,8.87724842002,-108.559746667,366.637117181,-1.23552796049,7.0592894271,-0.291492487479,603.536538041,-0.0988210465658,6.18242768289,0.352491641215,0.195079396244,0.0940997340077,0.0825527210406,0.0595743688568,0.0587114195434,0.045395628927,0.044012067502,0.03549273163,0.032590291033
BeastieBoys\12 Body Movin' (Fatboy Slim Remix).mp3,-18.3907733333,8701.38180487,0.0049155008996,2.93701909051,-0.00386667311112,4224.92745324,0.0496179861273,4.21226761142,-18.3907733333,7321.99729559,-0.0132728410503,3.09535978763,-0.269656160936,6343.68567801,0.0539001166379,3.17030713348,-18.3907733333,2363.05953911,0.0525292324486,3.37600701258,-0.163847307885,4193.49010198,0.056722714814,3.47699183456,-18.3907733333,239.306619024,0.0199533934101,3.16578718991,-0.0842621035058,410.987119412,-0.0492804575707,3.41464112118,0.358087227647,0.170353161461,0.0966519517351,0.094909312075,0.0773601893519,0.0586691224738,0.0411243733113,0.0360224936771,0.0318972729429,0.0349248953243
BeastieBoys\15 Fight for Your Right.mp3,2.24713166667,8746.9061374,-0.0410265098956,4.06872518075,0.0191733652889,5011.76940537,0.00669510059689,6.23779319814,2.24713166667,7436.56695297,-0.0536971148769,4.80589564844,0.169812830214,6284.86271665,-0.026440207724,4.17884852528,2.24713166667,2765.86138572,0.0956752267534,12.2121167569,0.100648441407,5232.17257057,0.0145207153957,12.7264278729,2.24713166667,245.170416799,0.221496545944,5.44200684225,0.422342237062,427.341637627,0.166729938479,5.15871639079,0.300665640982,0.140150903347,0.0841185813212,0.0771719644785,0.0869025923203,0.0816409026114,0.0701999900048,0.0615905372282,0.0529926868491,0.0445662008575
Garrett\01 Smooth Criminal 1.mp3,-0.995711666667,7715.33283746,-0.0372392442564,4.26611277543,-0.0374617291029,4975.14059637,0.00401537762175,6.4185343023,-0.995711666667,6293.13433741,-0.070449513993,5.23767983687,-0.388306471775,6076.37845679,0.0294176256386,4.04991003214,-0.995711666667,1859.80012373,0.193003902146,11.7249751459,-0.387094515753,3352.85109517,-0.190398155794,11.9282918915,-0.995711666667,183.171452638,-0.272500632299,5.14984350055,-0.540590984975,316.44207623,-0.21489350437,4.85273461889,0.340448450447,0.136669576138,0.0710840010098,0.0586443272013,0.0700882301083,0.0724884569925,0.0754653281869,0.084243169443,0.0560588009114,0.0348096595616
Garrett\02 Who Wants to Live Forever_ 1.mp3,-0.0300116666667,3314.30802426,0.0175050718854,9.12279625979,0.000340000566668,1933.09843507,0.0526036988486,12.7688885708,-0.0300116666667,2361.14303369,-0.00293829056954,9.17667841183,0.0787613126885,3481.69802156,-0.00289118500808,8.41845297089,-0.0300116666667,366.397954754,0.480774656363,18.1884794645,0.127014502417,613.714783568,0.273436370702,19.2388319483,-0.0300116666667,38.8955287428,-0.00522319890936,17.3110034355,0.0388998330551,71.1377164964,-0.0585039753627,18.7250602222,0.276829655868,0.177685146155,0.142310575112,0.0644988248873,0.0678332764279,0.077163556678,0.0520772264922,0.0699600178541,0.0441328531792,0.0275088673464
Garrett\03 Clair de Lune 1.mp3,-0.659031666667,4694.13730869,0.0371348102395,3.69846272885,-0.00422167370279,3403.1920418,0.00152193361148,4.66302583574,-0.659031666667,2861.40786939,0.0502211002137,4.01891560201,-0.00971682861381,4308.23938135,0.00943141223377,4.60565340889,-0.659031666667,735.692385074,-0.0471191270914,6.03388382937,-0.205649274879,1366.49416192,-0.0271334885429,6.30796758037,-0.659031666667,42.800332125,0.320967004294,4.67145751049,-0.105297161937,70.205030164,0.387029860578,4.57607740886,0.217163425204,0.208319514447,0.12685003346,0.066472090676,0.0856037593013,0.0836073307463,0.0776916538662,0.0648029769253,0.0484215482481,0.0210676671263
Garrett\04 He's a Pirate (Pirates of the Car 1.mp3,0.06265,4906.55231487,0.042798037949,6.46978593905,-0.0218233697056,2699.70413424,-0.0609674523074,12.1043777116,0.06265,3737.27297251,0.0567930291239,6.53291408145,-0.105158419307,4514.28442221,-0.0430800899929,7.53427791121,0.06265,1122.2871859,-0.151823548671,9.18494485027,-0.130778463077,1908.9032818,-0.0722751698451,10.1051805369,0.06265,89.202891837,0.0553816817086,5.5204887686,0.377385642738,152.035025874,0.208047563361,5.52564273954,0.329264370254,0.178524084806,0.117537080645,0.0608690527253,0.0706919078685,0.0609460717421,0.0644973962706,0.0567846035496,0.0380536768434,0.0228317552954
Garrett\05 Summertime 1.mp3,-1.179575,3929.95245282,0.0448078161049,3.81503899582,0.00159666932778,1885.44004199,-0.0307820647036,5.35102024091,-1.179575,3031.20752694,0.0439865248948,4.30570523331,0.0336505608427,3886.19259971,0.0141400494637,3.90850236631,-1.179575,718.133561251,0.157679055684,13.7648457925,0.0702267044507,1248.51314126,-0.203257363325,16.5985274241,-1.179575,70.0148229905,-0.108230529576,5.79307753184,0.223567612688,122.194183186,0.00176182306027,5.93500822256,0.362449423761,0.197887500345,0.0919100647621,0.0719722421429,0.0520497160915,0.0475497343123,0.0499861599681,0.0646241912947,0.0386788755953,0.0228920917267
Garrett\09 O Mio Babbino Caro 1.mp3,-0.88339,4987.70188657,0.0133392103587,5.12681646598,0.0126033543389,3146.06456537,-0.0394728622555,7.25256544865,-0.88339,3479.97163037,-0.0135585667663,5.21140870292,0.144065734429,4951.93501912,-0.00790930078649,5.35489829232,-0.88339,957.358848089,0.00537955808968,6.00012805539,-0.032527087848,1782.33135149,0.0159516096874,6.06610180631,-0.88339,54.4981461399,-0.205118505961,5.64776818741,-0.147061769616,89.2922791506,0.129142973008,6.14635317261,0.285687057758,0.196530931697,0.106030253898,0.0624098719438,0.0846524719161,0.061960315075,0.0718861089347,0.0752240047099,0.0322631770659,0.023355807002
Garrett\10 Air.mp3,-1.219505,6197.60012855,-0.00574426908123,4.29351275205,0.0133833556389,2593.33161884,-0.0822964028191,5.96549356052,-1.219505,5222.7466515,0.00590049511433,5.25505921247,0.105671761196,4692.17281555,-0.0200663909317,4.00361568523,-1.219505,1532.81148968,-0.547188879516,10.2775440827,-0.103578929822,2764.80297127,-0.103216428107,10.7077966121,-1.219505,174.136020211,-0.301395390548,5.96248507178,0.0667061769616,302.200849782,-0.821212569069,6.04693994257,0.36262130884,0.203758059347,0.0913618952874,0.0630408483138,0.0601724008297,0.055977021607,0.0506164570864,0.0612636090682,0.0313279482391,0.0198604513817
Garrett\11 Thunderstruck.mp3,-0.993458333333,7058.98766438,0.0133182970911,4.45703807408,0.0342650571084,4644.04611596,-0.0359757099985,4.74185890395,-0.993458333333,5604.12927925,0.0384326203105,5.29991829915,0.169976166269,5168.74759799,-0.0108105475229,5.12413298586,-0.993458333333,1582.64114754,0.0046105232995,9.97192062166,-0.0691698616436,2771.00457148,-0.142161409142,10.478825205,-0.993458333333,151.960550241,-0.0251603252785,5.82753837791,1.07819198664,259.187590959,0.218530118707,5.90475237356,0.30097846227,0.145899398772,0.108814656913,0.0636797505049,0.0727055008865,0.0713039956979,0.0708247158886,0.0744147812084,0.0550207994312,0.0363579384273
Garrett\12 New Day.mp3,-0.149671666667,4275.68725979,0.0251220899883,4.24532383829,-0.0184700307834,2191.673056,0.0564176694408,6.80547977218,-0.149671666667,3250.47863582,0.0755514111319,4.8085810143,-0.0513841897365,4167.0949683,0.00162616277125,4.30811217506,-0.149671666667,816.640070568,0.286929505426,14.3499916433,-0.116287714619,1443.91524878,-0.26397392136,16.4008836092,-0.149671666667,74.3185435251,-0.0813381592988,5.30461309537,-0.243676126878,126.035828843,0.0221258753022,5.79793311239,0.342882289957,0.192520171997,0.0987578874841,0.0697778425468,0.0650497171999,0.0622686077724,0.0655377510418,0.0517812618761,0.0316415984428,0.019782871682
Garrett\14 Rock Prelude.mp3,-0.56133,5862.01922054,0.0468678871713,5.44472681884,-0.0278467130779,3797.57890497,0.0219442452004,6.89320977047,-0.56133,4605.48559366,0.112826551805,6.61407705328,-0.157010950183,5501.61180572,0.0146904043807,4.74764568626,-0.56133,1216.73275571,0.177905333641,20.5306755997,-0.469421570262,2223.10821808,-0.298629351034,20.9431869098,-0.56133,107.148777807,-0.2916500483,9.50521185462,-0.275604340568,185.457906044,-0.39441961586,9.79804228995,0.343883683164,0.133896242643,0.0678044028154,0.0697734511404,0.0732896169913,0.0667233014766,0.0715631975254,0.0803113884378,0.052937203399,0.0398175124077
Garrett\16 Little Wing.mp3,0.598068333333,4456.65053123,-0.0141103359606,4.18606579301,0.0120033533389,4093.96099408,0.0268727448629,5.12354048883,0.598068333333,3009.2429716,-0.0406764903426,4.77892732273,0.0234820580343,3543.66832641,-0.0109316921315,3.83954937188,0.598068333333,468.550736496,-0.15576206479,6.33629446916,-0.0597899649942,779.074887698,0.0309886180063,5.95437734415,0.598068333333,62.4909194558,0.19502384194,5.28751631617,0.109989983306,108.751075574,-0.152471409529,5.3639995209,0.224100545658,0.129400090193,0.0694644438376,0.0872485643571,0.107222589651,0.109424887056,0.0971906306193,0.0876441716452,0.0484872968128,0.0398167801702
LanaDelRey\01 Born to Die.mp3,16.50305,8711.16673539,-0.102714769457,3.45105224702,-0.000445000741668,4071.8545513,-0.0148474176456,5.2300878121,16.50305,6796.57338352,-0.0345978141238,3.92658254389,-0.0242854047567,7369.49831404,0.0998196557248,3.51052743901,16.50305,2618.6405337,-0.0591806491471,4.41350128284,0.0422953825638,4842.83611689,0.0366538968681,4.64420142676,16.50305,205.80811041,0.222295966782,3.77780239791,0.145030050083,340.453460672,0.182316547882,3.98288642288,0.32984565342,0.226540904014,0.115225568135,0.0978195280767,0.0627673758189,0.0495214078933,0.0386489848485,0.0309609307494,0.0267512922356,0.0219183548092
LanaDelRey\02 Off to the Races.mp3,-0.02562,8100.55258566,0.00386093399772,3.61317503393,-0.0152183586973,3483.30383401,-0.107206489,8.20070918535,-0.02562,7025.03289405,0.00285530097282,3.62233402865,-0.138475641261,5477.37344724,-0.0135453148711,5.21336159802,-0.02562,3363.90591512,-0.0158650566825,3.86182207176,-2.28501583597,6205.07643579,-0.0289924015027,3.96833543391,-0.02562,244.584309442,-0.42629558155,4.59822807073,-1.619360601,383.87840095,-0.175527329636,5.25577200384,0.347796859745,0.173778042048,0.115936537791,0.0826871791699,0.0591325169118,0.0576290181263,0.0564066209407,0.0477497118885,0.0345539972174,0.0243295161607
LanaDelRey\03 Blue Jeans (Remastered).mp3,2.568715,7786.13221228,-0.00568355931106,3.88924066735,-0.0292317153862,4033.64652033,0.0856445901048,6.90694898359,2.568715,5721.71193733,0.00491650938702,4.37414069108,-0.190601510025,6889.32377833,0.0331741730112,3.69789720417,2.568715,1471.10848071,0.289145830456,8.52757882174,0.276082680447,2673.78214994,-0.060455294177,8.77818873692,2.568715,133.150413753,0.0247477316289,5.91679319837,0.050878130217,220.400246074,0.186231321225,6.04414154717,0.309061270449,0.232972884964,0.114311339943,0.0796422067815,0.0551951964116,0.0432895845093,0.0569981919058,0.0520684618572,0.0297526773845,0.0267081857945
LanaDelRey\04 Video Games (Remastered).mp3,2.917095,5563.62406691,-0.310345113825,3.60234067435,-0.00482500804168,2380.59595519,0.809331997339,12.5940893604,2.917095,4266.45157575,-0.204640630548,3.19373888484,-0.0642460707678,5912.58165522,0.0430589637452,3.1818095919,2.917095,532.623767283,0.0337341594465,4.24212452537,0.0440740123354,889.884970214,0.0223425099705,5.14312728585,2.917095,58.2500433974,-0.0822007514383,4.75804905033,0.0938297161937,97.5842638656,0.188582626803,4.16728336221,0.351312416248,0.235932210416,0.112129663825,0.0783131862866,0.0506848170319,0.0424682310844,0.0397095993719,0.0273305366647,0.0357483840066,0.0263709550655
LanaDelRey\05 Diet Mountain Dew.mp3,6.52729,10489.0104039,-0.0249299953798,3.17672531439,-0.0235283725473,4064.46481414,-0.0611520476386,5.40938019038,6.52729,9103.35930901,0.0275398125767,3.55306120197,-0.0510758512642,9490.46063274,0.0874721711716,3.59870234381,6.52729,2201.86823139,-0.0922644486455,5.63750199097,0.0453308884814,3944.69521724,0.0738323922732,5.62611100925,6.52729,218.611769222,0.133197040442,4.06477192,0.246021702838,365.334677537,-0.0829931703483,3.98241959068,0.411210635259,0.173679718683,0.0756216216068,0.0824552378343,0.0690709211124,0.0500858957177,0.0480767047525,0.0318978093674,0.030498499871,0.0274029557959
LanaDelRey\06 National Anthem.mp3,-3.89531333333,9281.81308552,0.034462433096,3.58735792358,-0.000160000266667,4462.90112535,0.0119152382231,5.78723040005,-3.89531333333,7203.78097689,-0.0143029502261,4.61476479811,-0.19728162136,8256.84961374,0.0073065670182,4.78771691071,-3.89531333333,2439.4280934,0.190241471488,15.075772019,0.112105350892,4645.90251559,0.0299888828027,15.4124026362,-3.89531333333,213.088735731,0.14137130583,7.94441849371,-1.00110016694,369.371960118,0.0104761676138,7.8738286697,0.319398629468,0.207195186589,0.141556662228,0.101618479279,0.060249361065,0.0460590411296,0.0439721872625,0.0329349639443,0.0254394496033,0.0215760394311
LanaDelRey\07 Dark Paradise.mp3,-6.55758833333,7753.2799585,0.0691739909558,3.72806670174,-0.00719501199169,3096.92380895,0.0830504054432,5.47907765753,-6.55758833333,6690.42597582,0.0126526188817,4.23394472633,-0.0766629443824,5254.78287128,0.0356555882853,3.85298936733,-6.55758833333,3646.28761525,-0.017526155003,4.28140017894,-0.126564427405,7169.60154084,-0.00290853698618,4.31085516094,-6.55758833333,230.276321456,-0.373890207432,3.35952145808,0.0248597662771,330.900678361,-0.415479405734,4.17546904252,0.338631179483,0.204509844604,0.119755740969,0.0798885540819,0.0607955392305,0.0478199982041,0.0381369623581,0.0307983911311,0.0400598077976,0.0396039821399
LanaDelRey\08 Radio.mp3,-6.87118,8187.59069143,0.0872228877656,3.65419963422,-0.00667834446391,3904.8410802,-0.0116310266666,6.52547651775,-6.87118,6449.26043755,0.0348838805655,4.30150554216,-0.0288038133969,7279.94165037,0.0289272656139,4.00444999297,-6.87118,1955.64897863,-0.0505321723039,11.9654668757,0.012618769795,3611.52996189,0.129601920667,12.392999255,-6.87118,258.052090428,0.262324767576,6.73504840647,0.365425709516,470.724875869,-0.122029547371,7.17484222905,0.345091967016,0.208240431953,0.110725953365,0.0822427282944,0.0639959608628,0.0516402101619,0.0434398368158,0.0372120266953,0.0300056120424,0.0274052727923
LanaDelRey\09 Carmen.mp3,4.48941,7247.54689122,-0.0438354497074,4.21721720409,0.0230550384251,2506.57214041,0.056190786945,6.40384777231,4.48941,6435.39806502,-0.0304336057002,4.25894052637,0.0195553259221,4806.12769384,-0.0491576430617,6.15751720325,4.48941,3733.27380123,0.289887777139,3.45946946253,-1.39637606268,6582.5227471,0.306253861437,3.52046509178,4.48941,371.393631678,0.286903081373,4.09628916651,-1.80730383973,703.309634566,0.184081780855,3.8718449289,0.383421559102,0.193690897631,0.119776975123,0.0852452565404,0.0557960810469,0.0433347720058,0.0388378731756,0.0312332951158,0.0285811743697,0.0200821158902
LanaDelRey\10 Million Dollar Man.mp3,7.59134666667,8141.67594764,-0.0509638665764,3.58076652994,-0.0187283645473,4073.29537114,0.0521972739487,6.57323669625,7.59134666667,5793.92737317,0.061942818423,3.97422564441,-0.235992266538,6933.77300262,0.189910792749,3.65763520146,7.59134666667,1911.85706113,-0.0991850922791,10.3686867353,-0.0441356892815,3579.60621661,0.0101733118008,11.6349441268,7.59134666667,155.877734123,-0.254758429643,5.22064028267,-0.0806460767947,257.71976624,0.173717410703,5.61347853033,0.308488758287,0.255283128537,0.120766421435,0.0837006913805,0.0574209186635,0.0464844186015,0.0476722160983,0.0315764464992,0.0286826431792,0.0199243573191
LanaDelRey\11 Summertime Sadness.mp3,0.508768333333,8074.07778118,-0.0193710303439,3.68078305581,0.0200250333751,3938.42507693,-0.119069284218,6.28305729632,0.508768333333,6456.34870606,-0.00865461363614,4.01098443145,0.206281771363,5830.28144957,-0.0714798024511,3.98224915892,0.508768333333,2566.58879416,-0.0350370154544,5.16281366448,0.077666277713,4800.25195035,-0.0805448851202,5.29774394389,0.508768333333,223.554249111,-0.243601766177,5.16793864229,0.181051752922,393.792816328,0.0962157402942,5.26439958831,0.308824036126,0.216681963519,0.121311163502,0.0888360310893,0.0598098407814,0.049611175508,0.0482054002274,0.0356017746923,0.0401471882638,0.0309714262918
LanaDelRey\12 This Is What Makes Us Girls.mp3,1.31046833333,7419.34553794,-0.0396325253014,4.23403190314,0.0219683699473,3595.39557992,-0.10112910366,7.27005245397,1.31046833333,5859.64430771,0.0745594945578,5.37457089666,0.376056267604,5953.22503348,-0.0128402919507,4.48374647857,1.31046833333,1945.98177252,-0.0397894189415,9.44734456205,0.196334389065,3543.65126358,0.0140489340864,10.3728861881,1.31046833333,164.881668805,-0.343103678363,6.20297347232,-0.749262103506,280.964894749,0.00892374516699,6.00294506913,0.33360954966,0.194377416199,0.132805058048,0.092458003049,0.0635242138581,0.0493492360121,0.0449549497888,0.0331347738883,0.0290246049684,0.0267621945287
RageAgainstTheMachine\01 Bombtrack.mp3,-0.043465,6407.56838486,-0.0177205328765,4.26110805242,-0.0166750277917,3452.86917146,0.10054450946,6.32035270663,-0.043465,5178.43798712,-0.0612683894966,5.18097666548,-0.0965099418324,4307.22238747,0.113934733947,4.80775058018,-0.043465,2001.902538,0.117267807485,8.40795063511,0.367352892149,3784.23654136,-0.0022909132682,8.67424936509,-0.043465,197.851045528,-0.0407920705316,3.99702654911,0.189010016694,348.032668112,0.130177180322,4.12334218858,0.3187343525,0.162908491586,0.144291039908,0.0763074355759,0.0677944611624,0.0614930952419,0.0523353087615,0.0417217117803,0.0384538817413,0.0359602217421
RageAgainstTheMachine\02 Killing In the Name.mp3,-0.268666666667,5913.04467947,0.034302402702,5.11919759177,0.00330167216945,3852.09247959,0.0289277834368,8.54883729051,-0.268666666667,4825.12101793,0.00569027722827,5.50561304074,-0.0241470691178,4542.87570867,0.0474241707193,6.34197461205,-0.268666666667,1430.63217608,0.0854484053553,11.1977683262,-0.0673178863144,2622.76841726,-0.0408987951222,13.0378703584,-0.268666666667,129.338730044,-0.227955137249,5.65805157597,-0.515031719533,218.479571587,-0.130941701548,6.21917092164,0.323471095924,0.127301703234,0.0821129703688,0.0765034506933,0.0878318034014,0.0841598813413,0.0669098363115,0.057685816718,0.0486757367698,0.0453477052379
RageAgainstTheMachine\03 Take the Power Back.mp3,-1.16292333333,6449.74015598,0.0191001626164,5.87755192955,-0.0109716849528,3922.91293889,-0.079092645572,7.03847397208,-1.16292333333,5115.71528821,0.0687755645799,8.82734470694,-0.153575892932,4528.30212405,0.0682152586063,6.83701808078,-1.16292333333,1875.64123746,0.185466259512,13.5126117888,-0.338819803301,3493.87264494,-0.0334789095119,13.968847354,-1.16292333333,158.490175309,-0.0384409178273,7.01039759513,0.0131903171953,274.779025832,-0.0762255331427,7.0361270861,0.306536410576,0.147725602806,0.123798605536,0.0875307975291,0.0810839138253,0.0712167101822,0.053818263936,0.0457353753371,0.0458710056081,0.0366833146649
RageAgainstTheMachine\04 Settle for Nothing.mp3,-0.639608333333,4485.12314374,-0.13801773374,7.90103619804,-0.00365333942223,2473.11691051,0.0215598322275,13.3729829035,-0.639608333333,3702.79518407,-0.29013707005,9.18669795727,0.116928615477,3111.37750259,-0.0116668164131,9.44682333549,-0.639608333333,1434.79088088,-0.00450372243445,9.56445420701,0.620080013336,2750.53159454,0.0751887269437,9.25479332068,-0.639608333333,124.428275387,-0.336175479397,6.83877869559,0.622113522538,215.174916397,-0.0780592188536,6.83556077299,0.321076039844,0.165463349213,0.109511127631,0.0803631876909,0.0637723940339,0.0648430261979,0.0582087011302,0.0574351113669,0.0419224732886,0.0374045896026
RageAgainstTheMachine\05 Bullet In the Head.mp3,-3.45207833333,6906.83249741,0.0125338310236,4.12528925699,-0.0111550185917,3503.69763225,0.0138042317256,6.85875856493,-3.45207833333,5983.45728864,0.0307471364539,4.35370340819,-0.184903081718,5034.09035709,0.209322838212,5.8333195191,-3.45207833333,2485.99153773,0.0415681813611,4.9698791899,-0.186062677113,4714.85475885,0.0466236197745,4.90291050146,-3.45207833333,180.366840829,-0.077067268511,5.10426606279,0.150056761269,309.601235429,0.105340298433,5.87740154041,0.357168417859,0.121555868492,0.105318867729,0.0902966225322,0.0725696169357,0.0730990956597,0.0583886128154,0.0473488180401,0.0376748382305,0.0365792417063
RageAgainstTheMachine\06 Know Your Enemy.mp3,-1.23107666667,5241.23352993,-0.109208659375,5.26749742513,0.000976668294447,3264.35709753,-0.123178540596,6.75619330917,-1.23107666667,4246.33573409,-0.134012816404,6.17686499629,-0.109966832781,3926.57476577,0.121975635965,6.50523308266,-1.23107666667,1300.56331243,-0.0599515349514,8.88659405216,-0.700721786964,2412.74473818,0.0534765540056,9.33683499102,-1.23107666667,136.619427933,-0.0348430237662,5.46446797282,-0.436165275459,239.391386777,0.264054113564,5.31129123818,0.320062251427,0.131752293192,0.0972741835396,0.0871074055037,0.0902744159113,0.0757564296794,0.0651526637821,0.0513863955089,0.0441245996308,0.0371093618249
RageAgainstTheMachine\07 Wake Up.mp3,-1.293565,5819.0973278,0.0344503906102,4.41870222376,0.0141233568723,3328.65593687,0.0646404333869,6.16716720074,-1.293565,4849.74424506,0.053859511634,5.08790219069,0.0783929732162,4282.97021538,0.0324962852235,5.07250986887,-1.293565,1701.55541716,0.194554951943,7.99123810289,-0.133835639273,3173.2807166,-0.0461540352475,8.65685025459,-1.293565,134.437819666,-0.038460258065,5.14734669393,0.0592838063439,236.186138833,-0.0970777775779,5.12182506838,0.342544442657,0.12135446932,0.0998586417776,0.0898860702815,0.0899062249984,0.076547685748,0.0590649648355,0.0452462687536,0.0381180414838,0.0374731901452
RageAgainstTheMachine\08 Fistful of Steel.mp3,-0.586451666667,4887.71128744,-0.102066792873,7.1074682296,-0.000701667836113,2595.69846594,-0.0750747800774,9.37634491484,-0.586451666667,4257.8788934,-0.141931720255,8.68343418563,-0.0711661861031,3267.25963265,0.0812004872474,10.3922681376,-0.586451666667,1654.33671479,0.0615173211921,12.9919197122,0.0504050675113,3132.5809337,0.00033248383483,13.4472790507,-0.586451666667,144.937507492,0.059751390138,7.81299861033,-0.0939398998331,257.775424364,0.185368571533,8.52832312163,0.350855214329,0.112145219164,0.10722880511,0.0767558526817,0.0842177111306,0.0740659532991,0.0597728541278,0.0532585235347,0.0443454582315,0.0373544083921
RageAgainstTheMachine\09 Township Rebellion.mp3,-1.76898,5064.61591325,0.0282015764465,5.87092906839,0.00489500815835,2722.96459924,-0.0312953746703,7.83171868791,-1.76898,4201.09019158,0.0423420163059,8.12708473327,0.0111901865031,3162.87921151,0.0407527224046,7.5311224286,-1.76898,1820.61144796,-0.0156887452381,11.8382156396,-0.0118786464411,3447.60355881,-0.0127742875734,12.5447726742,-1.76898,147.863362278,-0.0765208359144,5.52845387465,0.116003338898,257.156588808,-0.0360972603053,5.43095347458,0.312858508486,0.184513241111,0.104590775351,0.0677957727771,0.0707715545465,0.0702298526307,0.0592331566117,0.0520238804622,0.0398037663288,0.0381794916948
RageAgainstTheMachine\10 Freedom.mp3,-1.32194333333,5213.1428788,0.134195563675,6.48881354788,0.00870334783891,2643.39818373,-0.0526678404217,10.1923299129,-1.32194333333,4544.99705835,0.193519506771,8.14625778646,0.0229203820064,3149.75012323,0.0453593664582,8.41544734462,-1.32194333333,2057.35445246,0.0222900267298,10.2596247974,-0.604415735956,3888.02404163,-0.0530623447257,10.8802286418,-1.32194333333,189.527712685,-0.0210937104826,5.31253347948,-0.421469115192,331.392935253,-0.239846231083,5.43962828848,0.338639190686,0.145260518653,0.102020705307,0.0739829433858,0.0751822384846,0.0676951364907,0.0560151925902,0.0563904904032,0.0437350623794,0.0410785216207
